{
  "hash": "dd285775",
  "configHash": "959ed80d",
  "lockfileHash": "66b38cf6",
  "browserHash": "1cf50002",
  "optimized": {
    "@angular/common": {
      "src": "../../../../../../node_modules/@angular/common/fesm2022/common.mjs",
      "file": "@angular_common.js",
      "fileHash": "0505a8dd",
      "needsInterop": false
    },
    "@angular/common/http": {
      "src": "../../../../../../node_modules/@angular/common/fesm2022/http.mjs",
      "file": "@angular_common_http.js",
      "fileHash": "d96fd553",
      "needsInterop": false
    },
    "@angular/core": {
      "src": "../../../../../../node_modules/@angular/core/fesm2022/core.mjs",
      "file": "@angular_core.js",
      "fileHash": "a5ea67ed",
      "needsInterop": false
    },
    "@angular/forms": {
      "src": "../../../../../../node_modules/@angular/forms/fesm2022/forms.mjs",
      "file": "@angular_forms.js",
      "fileHash": "5fc766b9",
      "needsInterop": false
    },
    "@angular/platform-browser": {
      "src": "../../../../../../node_modules/@angular/platform-browser/fesm2022/platform-browser.mjs",
      "file": "@angular_platform-browser.js",
      "fileHash": "6c1d6672",
      "needsInterop": false
    },
    "primeng/api": {
      "src": "../../../../../../node_modules/primeng/fesm2022/primeng-api.mjs",
      "file": "primeng_api.js",
      "fileHash": "a0cb0e20",
      "needsInterop": false
    },
    "primeng/bind": {
      "src": "../../../../../../node_modules/primeng/fesm2022/primeng-bind.mjs",
      "file": "primeng_bind.js",
      "fileHash": "5c2276d1",
      "needsInterop": false
    },
    "primeng/button": {
      "src": "../../../../../../node_modules/primeng/fesm2022/primeng-button.mjs",
      "file": "primeng_button.js",
      "fileHash": "957059ac",
      "needsInterop": false
    },
    "primeng/card": {
      "src": "../../../../../../node_modules/primeng/fesm2022/primeng-card.mjs",
      "file": "primeng_card.js",
      "fileHash": "74513c4c",
      "needsInterop": false
    },
    "primeng/inputtext": {
      "src": "../../../../../../node_modules/primeng/fesm2022/primeng-inputtext.mjs",
      "file": "primeng_inputtext.js",
      "fileHash": "e28d1591",
      "needsInterop": false
    },
    "rxjs": {
      "src": "../../../../../../node_modules/rxjs/dist/esm5/index.js",
      "file": "rxjs.js",
      "fileHash": "2767677f",
      "needsInterop": false
    }
  },
  "chunks": {
    "chunk-TEVJEZMZ": {
      "file": "chunk-TEVJEZMZ.js"
    },
    "chunk-6CYLQRPE": {
      "file": "chunk-6CYLQRPE.js"
    },
    "chunk-R6YSXK2G": {
      "file": "chunk-R6YSXK2G.js"
    },
    "chunk-P63VWUAM": {
      "file": "chunk-P63VWUAM.js"
    },
    "chunk-IAZMOWJF": {
      "file": "chunk-IAZMOWJF.js"
    },
    "chunk-5S5WDQ2E": {
      "file": "chunk-5S5WDQ2E.js"
    },
    "chunk-ONPFIHZG": {
      "file": "chunk-ONPFIHZG.js"
    },
    "chunk-S26Z2GD4": {
      "file": "chunk-S26Z2GD4.js"
    },
    "chunk-CYIUJTKM": {
      "file": "chunk-CYIUJTKM.js"
    },
    "chunk-QXWNASSY": {
      "file": "chunk-QXWNASSY.js"
    },
    "chunk-PJVWDKLX": {
      "file": "chunk-PJVWDKLX.js"
    }
  }
}