{"test_cases_lookup_map": {"{\"actual_output\": \"Hi there\", \"context\": null, \"expected_output\": null, \"hyperparameters\": null, \"input\": \"Hi there how are you\", \"retrieval_context\": null}": {"cached_metrics_data": [{"metric_data": {"name": "Answer Relevancy", "threshold": 0.5, "success": false, "strictMode": false, "evaluationModel": "Custom Azure OpenAI Model", "evaluationCost": 0}, "metric_configuration": {"threshold": 0.5, "evaluation_model": "Custom Azure OpenAI Model", "strict_mode": false, "include_reason": true}}]}}}